task_id|task_code|kanban_module|title|status|priority|assignee_name|create_time|update_time
221|DEV-1|dev|GitHub 仓库搭建|10|urgent|NULL|2026-07-18 09:00:00|2026-07-31 15:59:13
222|DEV-2|dev|开发环境搭建|10|urgent|NULL|2026-07-18 09:00:00|2026-07-31 17:24:25
223|DEV-3|dev|项目跑起来|10|urgent|NULL|2026-07-18 09:00:00|2026-07-31 15:59:14
224|DEV-4|dev|自动推送定时任务|10|normal|NULL|2026-07-18 09:00:00|2026-07-31 15:59:16
225|DEV-5|dev|销售订单类型优化|10|normal|NULL|2026-07-18 09:00:00|2026-07-31 17:27:26
226|DEV-6|dev|清理死代码/死路由|10|normal|NULL|2026-07-18 09:00:00|2026-07-31 15:59:17
227|DEV-7|dev|分支合并|10|low|NULL|2026-07-18 09:00:00|2026-07-31 17:29:06
228|DEV-8|dev|安全加固|10|urgent|NULL|2026-07-20 09:00:00|2026-07-31 17:27:27
229|DEV-9|dev|单元测试（15个）|10|high|NULL|2026-07-20 09:00:00|2026-07-31 17:27:29
230|DEV-10|dev|数据库导入|10|high|NULL|2026-07-20 09:00:00|2026-07-31 15:59:26
231|DEV-11|dev|API any 全面清理|10|normal|NULL|2026-07-20 09:00:00|2026-07-31 15:59:29
232|DEV-12|dev|系统权限初始化|10|normal|NULL|2026-07-20 09:00:00|2026-07-31 15:59:31
233|DEV-13|dev|仪表盘重做|10|normal|NULL|2026-07-20 09:00:00|2026-07-31 15:59:33
234|DEV-14|dev|前端 UI 翻新|10|normal|NULL|2026-07-20 09:00:00|2026-07-31 15:59:34
235|DEV-15|dev|修复 TS 错误 + 删演示模块|10|normal|NULL|2026-07-20 09:00:00|2026-07-31 17:33:06
236|DEV-16|dev|文档精简|10|low|NULL|2026-07-20 09:00:00|2026-07-31 15:59:36
237|DEV-17|dev|生产追溯|10|high|NULL|2026-07-20 09:00:00|2026-07-31 15:59:39
238|DEV-18|dev|日志管理修复|10|high|NULL|2026-07-20 09:00:00|2026-07-31 17:29:59
239|DEV-19|dev|质量检验|10|high|NULL|2026-07-20 09:00:00|2026-07-31 17:27:38
240|DEV-20|dev|设备管理|10|high|NULL|2026-07-20 09:00:00|2026-07-31 17:33:12
241|DEV-21|dev|生产看板 API|10|high|NULL|2026-07-20 09:00:00|2026-07-31 17:27:39
242|DEV-22|dev|生产执行前端|10|high|NULL|2026-07-20 09:00:00|2026-07-31 21:49:54
243|DEV-23|dev|质量检验前端|10|high|NULL|2026-07-20 09:00:00|2026-07-31 17:27:41
244|DEV-24|dev|设备管理前端|10|high|NULL|2026-07-20 09:00:00|2026-07-31 17:27:43
245|DEV-25|dev|排程管理|10|high|NULL|2026-07-20 09:00:00|2026-07-31 17:37:54
246|DEV-26|dev|采购-入库联动|10|high|NULL|2026-07-20 09:00:00|2026-07-31 17:37:57
247|DEV-27|dev|库存预警|10|high|NULL|2026-07-20 09:00:00|2026-07-31 17:27:45
248|DEV-28|dev|库存周转率|10|high|NULL|2026-07-20 09:00:00|2026-07-31 17:27:47
249|DEV-29|dev|工程管理|10|high|NULL|2026-07-20 09:00:00|2026-07-31 17:37:58
250|DEV-30|dev|生产报表|3|high|NULL|2026-07-21 09:00:00|2026-08-03 11:46:12
251|DEV-31|dev|成本核算|3|high|NULL|2026-07-21 09:00:00|2026-08-03 11:46:14
252|DEV-32|dev|看板前端对接|10|high|NULL|2026-07-21 09:00:00|2026-07-31 17:38:15
253|DEV-33|dev|消息通知|10|high|NULL|2026-07-21 09:00:00|2026-07-31 17:30:01
254|DEV-34|dev|车间工单看板|4|high|NULL|2026-07-21 09:00:00|2026-07-31 17:30:05
255|DEV-35|dev|工单下发与排程|10|high|NULL|2026-07-21 09:00:00|2026-07-31 21:49:54
256|DEV-36|dev|样品单阶段一：基础准备|10|high|NULL|2026-07-22 09:00:00|2026-07-31 18:09:51
257|DEV-37|dev|样品单阶段二：后端逻辑改造|10|high|NULL|2026-07-22 09:00:00|2026-07-31 18:09:52
258|DEV-38|dev|样品单阶段三：前端改造|10|high|NULL|2026-07-22 09:00:00|2026-07-31 18:09:54
259|DEV-39|dev|路由标签页卡顿/刷新重构|10|high|NULL|2026-07-22 09:00:00|2026-07-31 18:09:57
260|DEV-40|dev|环境标识徽章|10|normal|NULL|2026-07-22 09:00:00|2026-07-31 17:56:08
261|DEV-41|dev|动态路由加载修复|10|high|NULL|2026-07-22 09:00:00|2026-07-31 17:56:16
262|DEV-42|dev|消息提醒铃铛|10|normal|NULL|2026-07-22 09:00:00|2026-07-31 17:56:17
263|DEV-43|dev|首次菜单点击卡顿|10|high|NULL|2026-07-22 09:00:00|2026-07-31 18:09:58
264|DEV-44|dev|客户管理状态Bug|10|high|NULL|2026-07-22 09:00:00|2026-07-31 15:59:46
265|DEV-45|dev|客户管理路由404|10|high|NULL|2026-07-22 09:00:00|2026-07-31 15:59:45
266|DEV-46|dev|报价管理API报错|10|high|NULL|2026-07-22 09:00:00|2026-07-31 15:59:47
267|DEV-47|dev|【工程】阶段一：菜单树重组|10|high|NULL|2026-07-24 09:00:00|2026-07-31 17:56:21
268|DEV-48|dev|全模块权限标准化|10|normal|NULL|2026-07-24 09:00:00|2026-07-31 17:56:26
269|DEV-49|dev|非Sales模块权限普查|10|normal|NULL|2026-07-24 09:00:00|2026-07-31 17:56:24
270|DEV-50|dev|提交审核校验责任人|10|normal|NULL|2026-07-24 09:00:00|2026-07-31 17:56:33
271|DEV-51|dev|sales:log 独立授权|4|normal|NULL|2026-07-24 09:00:00|2026-07-31 17:36:44
272|DEV-52|dev|前端 v-permission 梳理|10|normal|NULL|2026-07-24 09:00:00|2026-07-31 17:56:28
273|DEV-53|dev|模块结构优化|10|normal|NULL|2026-07-24 09:00:00|2026-07-31 17:56:29
274|DEV-54|dev|【P0】修复前端404 API|10|urgent|NULL|2026-07-25 09:00:00|2026-07-31 18:10:03
275|DEV-55|dev|【P0】出入库核心逻辑|10|urgent|NULL|2026-07-25 09:00:00|2026-07-31 18:10:05
276|DEV-56|dev|【P0】status参数转换|10|urgent|NULL|2026-07-25 09:00:00|2026-07-31 18:10:06
277|DEV-57|dev|【P1】库存预警推送|10|high|NULL|2026-07-25 09:00:00|2026-07-31 21:49:54
278|DEV-58|dev|【P2】TS类型错误修复|10|normal|NULL|2026-07-25 09:00:00|2026-07-31 17:36:51
279|DEV-59|dev|【P2】报表对接真实数据|10|normal|NULL|2026-07-25 09:00:00|2026-07-31 17:36:55
280|DEV-60|dev|【P2】生产执行vs操作分离优化|10|normal|NULL|2026-07-25 09:00:00|2026-08-01 20:43:32
281|DEV-61|dev|销售/采购/质量报表页面|10|normal|NULL|2026-07-25 09:00:00|2026-07-31 17:37:03
282|DEV-62|dev|任务清单清理|10|low|NULL|2026-07-25 09:00:00|2026-07-31 17:56:37
283|DEV-63|dev|修复 Swagger v3/api-docs 返回0条路径|3|high|NULL|NULL|2026-07-31 15:50:02
284|DEV-64|dev|清理多余权限记录|10|low|NULL|2026-07-25 09:00:00|2026-07-31 17:56:39
285|DEV-65|dev|补齐遗漏唯一权限|10|low|NULL|2026-07-25 09:00:00|2026-07-31 17:37:08
286|DEV-67|dev|国际站门户开发|3|low|NULL|NULL|2026-07-31 15:50:29
287|DEV-68|dev|了解 Metersphere|3|low|NULL|NULL|2026-07-31 15:50:07
288|DEV-69|dev|生产领料自动扣库存|10|high|NULL|2026-07-25 09:00:00|2026-08-01 20:43:52
289|DEV-70|dev|完工自动加成品库存|10|high|NULL|2026-07-25 09:00:00|2026-07-31 18:34:02
290|DEV-71|dev|销售发货扣库存|10|high|NULL|2026-07-25 09:00:00|2026-08-01 20:43:12
291|DEV-72|dev|填充演示数据|10|high|NULL|NULL|2026-07-31 15:59:07
292|DEV-73|dev|清理死代码：未使用的私有方法|10|normal|NULL|2026-07-25 09:00:00|2026-07-31 17:37:13
293|DEV-74|dev|优化 VO 属性拷贝|10|normal|NULL|2026-07-25 09:00:00|2026-07-31 17:37:14
294|DEV-76|dev|国际化|3|low|NULL|NULL|2026-07-31 15:51:44
295|DEV-77|dev|生产执行 vs 操作合并评估|10|normal|NULL|NULL|2026-07-31 15:59:09
296|DEV-78|dev|🌐 企业官网：核心生成器|3|high|NULL|2026-07-25 09:00:00|2026-07-31 18:34:04
297|DEV-82|dev|P0 — LoginUser ClassCastException|10|urgent|NULL|2026-07-25 09:00:00|2026-07-31 18:10:15
298|DEV-83|dev|【Bug】物料选项SQL语法错误|10|normal|NULL|2026-07-26 09:00:00|2026-08-01 12:07:03
299|DEV-84|dev|【Bug】生产工单分页MyBatis异常|10|normal|NULL|2026-07-26 09:00:00|2026-08-01 20:43:38
300|DEV-85|dev|【Bug】生产报表查询异常|10|normal|NULL|2026-07-26 09:00:00|2026-08-01 20:43:37
301|DEV-86|dev|【Bug】客户统计500错误|10|low|NULL|2026-07-28 09:00:00|2026-07-31 18:17:16
302|DEV-87|dev|【Bug】预警分页500错误|10|normal|NULL|2026-07-26 09:00:00|2026-08-01 20:43:51
303|DEV-88|dev|【Bug】库存报表/周转率500错误|10|high|NULL|2026-07-25 09:00:00|2026-08-01 20:43:31
304|DEV-90|dev|【Bug】工程管理config/film 500错误|10|normal|NULL|2026-07-25 09:00:00|2026-07-31 18:33:51
305|DEV-91|dev|【Bug】供应商统计未实现|10|normal|NULL|2026-07-26 09:00:00|2026-08-01 20:43:35
306|DEV-92|dev|【Bug】Swagger v3/api-docs返回500|3|high|NULL|2026-07-25 09:00:00|2026-07-31 18:34:08
307|DEV-93|dev|产品审批→自动派工程任务+通知工程师|10|urgent|NULL|2026-07-26 09:00:00|2026-08-01 20:43:35
308|DEV-94|dev|BOM提交审核加PENDING状态|10|urgent|NULL|2026-07-26 09:00:00|2026-07-31 17:35:18
309|DEV-95|dev|产品发布前校验BOM和路线|10|urgent|NULL|2026-07-26 09:00:00|2026-07-31 17:35:21
310|DEV-96|dev|所有审批事件联动|10|urgent|NULL|2026-07-26 09:00:00|2026-08-04 21:50:51
311|DEV-97|dev|生产工单记录BOM/路线ID|10|urgent|NULL|2026-07-26 09:00:00|2026-08-01 11:17:13
312|DEV-98|dev|提交生产前校验|10|urgent|NULL|2026-07-26 09:00:00|2026-08-01 20:43:34
313|DEV-99|dev|销售订单选产品只显示RELEASED|10|urgent|NULL|2026-07-26 09:00:00|2026-08-01 20:43:33
314|DEV-100|dev|客户确认流程完善|10|urgent|NULL|2026-07-26 09:00:00|2026-08-08 10:56:50
315|DEV-101|dev|提交生产→消息通知+任务派送|10|urgent|NULL|2026-07-26 09:00:00|2026-08-01 11:17:04
316|DEV-102|dev|通知模块：sys_notification 加 event_code 字段|10|urgent|NULL|2026-07-26 09:00:00|2026-08-01 11:17:02
317|DEV-182|dev|通知模块：初始化事件配置数据|10|urgent|NULL|2026-07-26 09:00:00|2026-08-01 11:17:00
318|DEV-103|dev|通知模块：初始化事件→通知映射数据|10|urgent|NULL|2026-07-26 09:00:00|2026-08-01 11:16:55
319|DEV-104|dev|通知模块：初始化通知模板数据|10|urgent|NULL|2026-07-26 09:00:00|2026-08-01 11:16:51
320|DEV-105|dev|通知模块：实现 EventBus.fire() 核心逻辑|10|urgent|NULL|2026-07-26 09:00:00|2026-08-01 11:16:48
321|DEV-106|dev|通知模块：支持按角色通知|10|urgent|NULL|2026-07-26 09:00:00|2026-08-01 11:16:45
322|DEV-107|dev|通知模块：模板变量替换|10|urgent|NULL|2026-07-26 09:00:00|2026-08-01 11:16:53
323|DEV-108|dev|通知模块：业务代码改抛事件|10|urgent|NULL|2026-07-26 09:00:00|2026-08-01 11:16:35
324|DEV-109|dev|通知模块：通知偏好表(可选)|10|urgent|NULL|2026-07-26 09:00:00|2026-08-01 11:16:37
325|DEV-110|dev|日志模块：sys_oper_log 加 biz_type/biz_id/trace_id 字段|10|urgent|NULL|2026-07-26 09:00:00|2026-08-01 11:16:30
326|DEV-111|dev|日志模块：sales_log 合并到 sys_oper_log|10|urgent|NULL|2026-07-26 09:00:00|2026-08-01 11:16:28
327|DEV-112|dev|日志模块：sys_oper_log 按月分区/定期归档|3|urgent|NULL|2026-07-26 09:00:00|2026-08-01 18:01:19
328|DEV-113|dev|日志模块：sys_oper_log 加按 biz_id 索引|10|urgent|NULL|2026-07-26 09:00:00|2026-08-01 11:16:21
329|DEV-114|dev|任务模块：新建统一 sys_task 表|10|urgent|NULL|2026-07-26 09:00:00|2026-08-01 11:16:15
330|DEV-115|dev|任务模块：迁移 engineering_design_task 数据到 sys_task|10|urgent|NULL|2026-07-29 09:00:00|2026-08-01 10:49:34
331|DEV-116|dev|任务模块：迁移 kanban_task 数据到 sys_task|10|urgent|NULL|2026-07-29 09:00:00|2026-08-01 10:49:36
332|DEV-117|dev|任务模块：废弃旧表 engineering_design_task/kanban_task/engineering_base|10|urgent|NULL|2026-07-29 09:00:00|2026-08-01 10:49:39
333|DEV-118|dev|任务模块：EventBus 联动创建任务|10|urgent|NULL|2026-07-26 09:00:00|2026-08-01 11:16:10
334|DEV-120|dev|EventBus：定义 @Event 注解 + AOP 切面|10|urgent|NULL|2026-07-26 09:00:00|2026-08-01 11:16:12
335|DEV-121|dev|EventBus：实现核心 EventBus + 三个 Handler|10|urgent|NULL|2026-07-26 09:00:00|2026-08-01 11:16:13
336|DEV-122|dev|EventBus：初始化事件配置数据|10|urgent|NULL|2026-07-26 09:00:00|2026-08-01 11:16:23
337|DEV-123|dev|EventBus：业务代码逐步加 @Event 注解|10|urgent|NULL|2026-07-26 09:00:00|2026-08-01 11:16:18
338|DEV-124|dev|移动端适配|3|normal|NULL|NULL|2026-07-31 15:51:44
339|DEV-125|dev|🌐 企业官网：AI客服真后端|3|normal|NULL|2026-07-28 09:00:00|2026-07-31 17:49:55
340|DEV-126|dev|🌐 企业官网：favicon+下载文件+替换图片|10|normal|NULL|2026-07-28 09:00:00|2026-07-31 18:54:05
341|DEV-127|dev|🌐 企业官网：站内搜索+分页|3|low|NULL|2026-07-28 09:00:00|2026-07-31 17:50:03
342|DEV-128|dev|日志模块：@Log 注解支持 biz_id/biz_type（SpEL提取）|10|high|NULL|2026-07-26 09:00:00|2026-08-01 12:07:01
343|DEV-129|dev|【销售】订单客户确认流程完善|10|high|NULL|2026-07-28 09:00:00|2026-08-08 10:56:57
344|DEV-130|dev|【产品】发布前校验BOM和路线已审批|10|high|NULL|2026-07-28 09:00:00|2026-08-01 20:43:42
345|DEV-131|dev|【全局】审批事件联动|10|high|NULL|2026-07-28 09:00:00|2026-07-31 18:17:27
346|DEV-132|dev|【全局】消息通知接入|10|high|NULL|2026-07-28 09:00:00|2026-07-31 18:17:25
347|DEV-133|dev|【BOM】加PENDING中间状态|10|high|NULL|2026-07-28 09:00:00|2026-08-01 20:43:56
348|DEV-134|dev|【生产】工单记录BOM/路线ID快照|10|high|NULL|2026-07-28 09:00:00|2026-08-01 20:43:41
349|DEV-135|dev|【生产】提交生产前校验+BOM警告|10|high|NULL|2026-07-28 09:00:00|2026-08-01 20:43:40
350|DEV-136|dev|【销售】订单创建检查产品状态=RELEASED|10|high|NULL|2026-07-28 09:00:00|2026-08-01 20:43:40
351|DEV-137|dev|【库存】三个TODO空壳补齐|10|high|NULL|2026-07-28 09:00:00|2026-07-31 18:17:36
352|DEV-138|dev|【采购】采购退货功能|10|normal|NULL|2026-07-28 09:00:00|2026-08-01 20:43:39
353|DEV-139|dev|【销售】报价→订单转换流程|10|normal|NULL|2026-07-28 09:00:00|2026-08-01 12:07:05
354|DEV-140|dev|填充演示数据|10|high|NULL|NULL|2026-07-31 15:59:12
355|DEV-141|dev|Swagger v3/api-docs修复|3|high|NULL|NULL|2026-07-31 15:51:44
356|DEV-142|dev|@Log注解支持biz_id/biz_type(SpEL)|10|high|NULL|NULL|2026-07-31 17:37:48
357|DEV-143|dev|【系统】字典管理优化(Redis缓存+分组+导入导出)|10|normal|NULL|2026-07-28 09:00:00|2026-08-01 20:43:38
358|DEV-144|dev|【系统】新建系统配置表(sys_config)|10|normal|NULL|2026-07-28 09:00:00|2026-08-01 16:38:11
359|DEV-145|dev|【系统】数据库表结构审计|10|high|NULL|2026-07-29 09:00:00|2026-08-01 11:12:22
360|DEV-146|dev|【测试】API测试修复(6个失败接口)|10|high|NULL|2026-07-29 09:00:00|2026-08-01 14:43:09
361|DEV-147|dev|测试计划重写 v2.0|10|high|NULL|2026-07-29 09:00:00|2026-08-01 11:12:26
362|DEV-148|dev|测试工作台同步更新 v2.0|10|high|NULL|2026-07-29 09:00:00|2026-08-01 11:12:29
363|DEV-149|dev|【P0】询价单模块|10|urgent|NULL|2026-07-29 09:00:00|2026-08-01 11:12:41
364|DEV-150|dev|【P0】样品单独立状态机|10|urgent|NULL|2026-07-29 09:00:00|2026-08-01 14:43:14
365|DEV-151|dev|【P0】样品单前端|10|urgent|NULL|2026-07-29 09:00:00|2026-08-01 14:43:19
366|DEV-152|dev|【P0】样品转量产服务|10|urgent|NULL|2026-07-29 09:00:00|2026-08-01 20:43:50
367|DEV-153|dev|【P1】工程介入UI|10|high|NULL|2026-07-29 09:00:00|2026-08-01 20:43:49
368|DEV-154|dev|【P1】领料单|10|high|NULL|2026-07-29 09:00:00|2026-08-01 20:43:49
369|DEV-155|dev|【P1】报价→样品单转换|10|high|NULL|2026-07-29 09:00:00|2026-08-01 20:43:48
370|DEV-156|dev|【P1】生产校验完善|10|high|NULL|2026-07-29 09:00:00|2026-08-01 20:43:47
371|DEV-157|dev|【P2】工序首检/巡检|3|normal|NULL|2026-07-29 09:00:00|2026-08-03 10:37:55
372|DEV-158|dev|【P2】询价→报价联动|10|normal|NULL|2026-07-29 09:00:00|2026-08-01 20:43:46
373|DEV-159|dev|【P2】样品迭代记录|10|normal|NULL|2026-07-29 09:00:00|2026-08-01 20:43:44
374|DEV-160|dev|单据PDF打印|10|high|NULL|2026-07-29 09:00:00|2026-08-07 16:27:01
375|DEV-161|dev|标签打印|3|high|NULL|2026-07-29 09:00:00|2026-07-31 17:50:29
376|DEV-162|dev|质检报告导出|10|high|NULL|2026-07-29 09:00:00|2026-08-08 10:56:31
377|DEV-163|dev|【Bug】Transition 组件报错（询价单页）|10|high|NULL|2026-07-30 09:00:00|2026-08-01 11:12:13
378|DEV-164|dev|统一 traceId：OperLogAspect 自动扫描参数提取|10|urgent|NULL|2026-07-30 09:00:00|2026-08-01 10:49:28
379|DEV-165|dev|询价转报价 traceId 链路打通|10|urgent|NULL|2026-07-30 09:00:00|2026-08-01 10:49:31
380|DEV-166|dev|业务类型字典对齐后端 BusinessType enum|10|high|NULL|2026-07-30 09:00:00|2026-08-01 11:12:20
381|DEV-167|dev|库存-采购联动：安全库存检查逻辑|10|high|NULL|2026-07-31 09:00:00|2026-08-01 20:43:24
382|DEV-168|dev|库存-采购联动：安全库存事件触发|10|high|NULL|2026-07-31 09:00:00|2026-08-01 20:43:25
383|DEV-169|dev|调拨单：补 create + getDetail|10|high|NULL|2026-07-31 09:00:00|2026-08-01 20:43:14
384|DEV-170|dev|调拨单：补 confirmOut + confirmIn|10|high|NULL|2026-07-31 09:00:00|2026-08-01 20:43:25
385|DEV-171|dev|盘点单：补 create + getDetail|10|normal|NULL|2026-07-31 09:00:00|2026-08-01 20:43:56
386|DEV-172|dev|盘点单：补 inputStocktakeData + calculateDiff|10|normal|NULL|2026-07-31 09:00:00|2026-08-01 20:43:27
387|DEV-173|dev|盘点单：补 processDiff（盈亏处理）|10|normal|NULL|2026-07-31 09:00:00|2026-08-01 20:44:10
388|DEV-174|dev|采购-库存事件桥接完善|10|normal|NULL|2026-07-31 09:00:00|2026-08-01 20:43:53
389|DEV-175|dev|purchase_order.order_type 类型修复|10|low|NULL|2026-07-31 09:00:00|2026-07-31 17:30:38
390|DEV-176|dev|物料删除校验扩展：检查采购/生产/销售订单引用|10|normal|NULL|2026-07-31 09:00:00|2026-08-01 20:43:50
391|DEV-177|dev|jjx-kanban 对接：数据库字段扩展|10|high|NULL|2026-07-31 09:00:00|2026-07-31 18:18:20
392|DEV-178|dev|jjx-kanban 对接：后端任务路由|10|high|NULL|2026-07-31 09:00:00|2026-07-31 18:18:19
393|DEV-179|dev|jjx-kanban 对接：事件配置页加路由字段|10|high|NULL|2026-07-31 09:00:00|2026-07-31 18:18:17
394|DEV-180|dev|jjx-kanban 对接：前端看板接入|10|high|NULL|2026-07-31 09:00:00|2026-07-31 18:18:16
395|DEV-181|dev|jjx-kanban production 模块接通|10|normal|NULL|2026-07-31 09:00:00|2026-07-31 18:18:06
397|DEV-183|dev|用户管理新建用户时选择角色无效|10|high|NULL|2026-07-31 16:10:27|2026-08-04 21:51:32
399|DEV-184|dev|事件配置页查询空字符串导致列表为空|10|high|NULL|2026-07-31 16:22:08|2026-07-31 18:18:02
401|DEV-185|dev|登出接口路径错误导致405+日志记录NPE|10|high|NULL|2026-07-31 16:29:25|2026-07-31 17:32:41
403|DEV-186|dev|通知页面挂载到侧边栏菜单|10|normal|NULL|2026-07-31 16:43:59|2026-07-31 17:51:06
405|DEV-187|dev|标准品询价选择产品功能（待测试）|10|high|NULL|2026-07-31 17:02:25|2026-07-31 18:17:54
406|DEV-188|dev|报价单明细：样品行支持自定义产品编码/名称|10|high|NULL|2026-07-31 17:16:39|2026-07-31 18:14:58
407|DEV-189|dev|报价单加类型字段+操作按钮按类型显隐|10|high|NULL|2026-07-31 17:42:35|2026-08-01 10:46:45
408|DEV-190|dev|报价单审核流程缺失（提交审核/通过/驳回）|10|high|NULL|2026-07-31 17:43:31|2026-07-31 18:23:10
409|dev-1785492303157|dev|报价管理报错|10|normal|张三|2026-07-31 18:05:03|2026-08-01 11:12:00
410|dev-1785492844213|dev|任务看板数据排序默认按更新时间从最新开始排序|10|normal|李四|2026-07-31 18:14:04|2026-07-31 18:30:26
411|dev-1785493822371|dev|为什么报价单这几个功能都没有流水或任务派送，是没配置吗|10|normal|张三|2026-07-31 18:30:22|2026-08-01 14:42:51
412|DEV-191|dev|报价单客户确认/拒绝流程补全（待测试）|10|high|NULL|2026-07-31 18:31:27|2026-08-04 22:14:35
414|dev-1785551574470|dev|报价单操作栏优化|3|normal|张三|2026-08-01 10:32:54|2026-08-01 15:25:38
416|dev-1785552002614|dev|系统管理事件配置|10|urgent|李四|2026-08-01 10:40:03|2026-08-01 16:16:36
417|dev-1785552793126|dev|系统备份方案|3|urgent|王五|2026-08-01 10:53:13|2026-08-01 10:53:13
418|dev-1785552958000|dev|报价单状态流转组件|10|high|NULL|2026-08-01 10:55:58|2026-08-04 11:14:14
419|dev-1785553054925|dev|报价单错误|10|urgent|张三|2026-08-01 10:57:35|2026-08-01 11:00:41
420|dev-1785553231621|dev|组件优化|10|low|张三|2026-08-01 11:00:32|2026-08-01 11:44:04
421|dev-1785553400504|dev|组件优化2|10|low|李四|2026-08-01 11:03:21|2026-08-01 11:44:16
422|dev-1785553562313|dev|任务卡片详情width调到1200|10|normal|李四|2026-08-01 11:06:02|2026-08-01 11:44:31
423|dev-1785553907969|dev|事件配置|10|normal|王五|2026-08-01 11:11:48|2026-08-01 12:06:42
424|dev-1785554018000|dev|枚举数据字典化：状态/类型字段导入配置表|10|high|NULL|2026-08-01 11:13:38|2026-08-01 12:06:47
425|dev-1785554458000|dev|报价单操作栏按钮按业务状态显隐|10|high|NULL|2026-08-01 11:20:58|2026-08-01 12:40:51
426|dev-1785555044000|dev|报价单新增状态8改单/9已完成+转订单后完结|10|high|NULL|2026-08-01 11:30:44|2026-08-01 12:09:40
427|dev-1785556848000|dev|详情页相关文档查看+附件上传独立入口|10|high|NULL|2026-08-01 12:00:48|2026-08-01 12:07:06
430|dev-1785558349726|dev|讨论|3|normal|未分配|2026-08-01 12:25:50|2026-08-01 14:44:27
431|dev-1785559225025|dev|样品单|10|normal|未分配|2026-08-01 12:40:25|2026-08-01 14:00:11
432|dev-1785561037081|dev|样品单流水|10|normal|未分配|2026-08-01 13:10:37|2026-08-01 14:00:09
435|dev-1785563421000|dev|全功能事件覆盖：核心126个操作补@Event+事件配置|10|high|NULL|2026-08-01 13:50:21|2026-08-04 21:50:51
436|dev-1785564091000|dev|DEV-435第1批验证：库存事件|10|high|NULL|2026-08-01 14:01:31|2026-08-05 09:47:23
437|dev-1785564491000|dev|全功能事件覆盖-剩余边缘操作（暂缓，后续评估）|3|low|NULL|2026-08-01 14:08:11|2026-08-03 16:57:04
440|dev-1785565604000|dev|单据详情文档追溯：报价单/样品单显示来源询价单图纸|10|high|NULL|2026-08-01 14:26:44|2026-08-01 18:00:03
443|dev-1785566541000|dev|【P0】样品流程修复：退回重打断链+事件角色补齐|10|urgent|NULL|2026-08-01 14:42:21|2026-08-04 11:26:29
444|dev-1785566548000|dev|【P1】工程管理完善：接单/拒单/工序进度/轮次快照|10|high|NULL|2026-08-01 14:42:28|2026-08-01 18:00:46
445|dev-1785566554000|dev|【P2】样品流程增强：工艺传承/状态语义拆分/版本管理|10|normal|NULL|2026-08-01 14:42:34|2026-08-01 18:00:40
446|dev-1785568410000|dev|角色权限补全：工程/仓管/审核员|10|high|NULL|2026-08-01 15:13:30|2026-08-01 15:13:30
447|dev-1785568977000|dev|设计任务（作废）|4|low|NULL|2026-08-01 15:22:57|2026-08-01 15:22:57
449|dev-178556898900001|dev|工程管理前端补全：薄膜管理/产品配置模型页面|3|normal|NULL|2026-08-01 15:23:09|2026-08-05 09:48:30
450|dev-1785569491275|dev|样品单工程接单|10|normal|未分配|2026-08-01 15:31:31|2026-08-01 18:00:16
451|dev-1785569714717|dev|样品单工程接单2|10|normal|未分配|2026-08-01 15:35:15|2026-08-01 18:00:15
452|dev-1785569741840|dev|任务看板|10|normal|未分配|2026-08-01 15:35:42|2026-08-01 17:03:07
453|dev-178556979300002|dev|产品配置模型补全：后端CRUD+前端页面|3|normal|NULL|2026-08-01 15:36:33|2026-08-05 09:48:28
454|dev-178557087700001|dev|打样工序历史记录表|10|high|NULL|2026-08-01 15:54:37|2026-08-01 17:47:49
455|dev-178557087700002|dev|打样BOM结构化录入|10|high|NULL|2026-08-01 15:54:37|2026-08-04 21:50:51
456|dev-178557087700003|dev|打样轮次快照补全（图纸+BOM+工序）|10|normal|NULL|2026-08-01 15:54:37|2026-08-01 17:59:39
457|dev-178557087700004|dev|打样转建档联动（BOM/工艺路线）|10|normal|NULL|2026-08-01 15:54:37|2026-08-01 17:59:55
458|dev-178557163500001|dev|P0 补全业务流程文档（采购/库存/生产/工程/事件）|10|high|NULL|2026-08-01 16:07:15|2026-08-05 09:47:32
459|dev-178557163500002|dev|P0 跨模块链路E2E测试（按测试工作台全量核对）|10|high|NULL|2026-08-01 16:07:15|2026-08-05 16:51:26
460|dev-178557163500003|dev|P1 事件/权限矩阵文档|10|normal|NULL|2026-08-01 16:07:15|2026-08-01 20:43:09
461|dev-178557163500004|dev|P1 状态机统一规范|10|normal|NULL|2026-08-01 16:07:15|2026-08-04 18:19:53
462|dev-178557163500005|dev|P2 数据传承规则（单据转换字段/附件/参数）|3|normal|NULL|2026-08-01 16:07:15|2026-08-05 09:48:44
463|dev-178557165200006|dev|P1 测试数据真实性：建立真实业务场景测试数据集|3|high|NULL|2026-08-01 16:07:32|2026-08-05 09:49:04
464|dev-178557165200007|dev|P2 测试工作台蓝图同步更新（8月状态语义）|10|normal|NULL|2026-08-01 16:07:32|2026-08-04 18:19:44
465|dev-178557165200008|dev|P2 单据状态可视化：看板/列表统一状态色规范|10|normal|NULL|2026-08-01 16:07:32|2026-08-04 21:51:32
466|dev-178557165200009|dev|P2 系统级文档目录规范：docs/ 结构整理|10|normal|NULL|2026-08-01 16:07:32|2026-08-01 17:59:11
467|dev-178557203900001|dev|字典维护规范落地：状态码vs业务选项分离保障|10|high|NULL|2026-08-01 16:13:59|2026-08-01 18:00:05
470|dev-178557258700001|dev|【E2E缺口】订单提交生产→创建生产工单（TC-38）|10|urgent|NULL|2026-08-01 16:23:07|2026-08-04 21:50:51
471|dev-178557258700002|dev|【E2E缺口】采购到货→库存增加（TC-44）|10|urgent|NULL|2026-08-01 16:23:07|2026-08-04 19:29:54
472|dev-178557258700003|dev|【E2E缺口】工单→生成领料单（TC-49/50）|10|high|NULL|2026-08-01 16:23:07|2026-08-04 21:50:51
473|dev-178557258700004|dev|【E2E缺口】生产完工→质检联动（TC-56）|3|high|NULL|2026-08-01 16:23:07|2026-08-03 10:37:54
476|dev-1785576448800|dev|优先级视图优化|3|normal|张三|2026-08-01 17:27:29|2026-08-01 17:27:28
478|dev-1785577386018|dev|样品单工程接单|10|urgent|李四|2026-08-01 17:43:06|2026-08-01 17:52:28
479|dev-1785577481905|dev|样品单工程打样卡片|10|normal|未分配|2026-08-01 17:44:42|2026-08-01 17:52:32
481|dev-178557825700001|dev|操作结果展示器（多视图：标准卡/单据/聊天通知/文档登记）|10|normal|NULL|2026-08-01 17:57:37|2026-08-03 09:52:10
483|dev-1785586282996|dev|报价管理|10|normal|李四|2026-08-01 20:11:23|2026-08-01 20:43:10
484|dev-1785586969326|dev|脚本新建|3|normal|未分配|2026-08-01 20:22:49|2026-08-01 20:25:40
489|dev-1785721391330|dev|报价管理优化|10|normal|未分配|2026-08-03 09:43:11|2026-08-03 11:24:27
491|dev-1785721899719|dev|样品单管理样品完成前置|10|normal|李四|2026-08-03 09:51:40|2026-08-03 10:08:56
494|dev-1785723162764|dev|报价单业务不闭环|10|normal|未分配|2026-08-03 10:12:43|2026-08-03 11:10:18
495|dev-1785723200000|dev|操作预览器 Phase 2（采购/生产/库存模块接入）|10|normal|NULL|2026-08-03 10:37:12|2026-08-04 19:29:54
496|dev-1785724908698|dev|客户管理|10|normal|未分配|2026-08-03 10:41:49|2026-08-04 11:11:03
498|dev-1785726016888|dev|检查样品单业务逻辑是否闭环|10|normal|未分配|2026-08-03 11:00:17|2026-08-03 11:10:13
500|dev-1785726305287|dev|工程打样工作台|10|normal|未分配|2026-08-03 11:05:05|2026-08-04 19:29:54
502|dev-1785726598681|dev|样品单详情|10|normal|未分配|2026-08-03 11:09:59|2026-08-04 16:18:37
503|dev-1785727070000|dev|样品单转量产业务验证|10|normal|NULL|2026-08-03 11:17:44|2026-08-04 19:29:54
504|dev-1785727140000|dev|样品单全按钮权限控制|3|normal|NULL|2026-08-03 11:20:04|2026-08-03 11:21:51
505|dev-1785728460000|dev|产品资料转移功能（转量产前置建档）|10|normal|NULL|2026-08-03 11:41:11|2026-08-04 16:18:45
514|dev-1785742782666|dev|工艺路线编辑|10|normal|未分配|2026-08-03 15:39:43|2026-08-03 15:54:33
518|dev-1785730000000|dev|工程模块遗留修复：薄膜路径不匹配+冗余Controller清理|3|normal|NULL|2026-08-03 16:04:50|2026-08-03 16:57:15
519|dev-1785744569412|dev|询价单转报价单|10|normal|未分配|2026-08-03 16:09:29|2026-08-03 16:49:33
526|dev-1785746847332|dev|工程打样平台移到工程管理|10|normal|未分配|2026-08-03 16:47:27|2026-08-03 17:09:36
527|dev-1785733700000|dev|样品单作废提醒+派任务到接单人|10|normal|NULL|2026-08-03 17:08:05|2026-08-03 17:16:58
528|dev-1785748436227|dev|工程打样如果当前工序选择添加材料，材料如果不是空行要材料编号如果为空不应该保存成功|10|normal|未分配|2026-08-03 17:13:56|2026-08-03 17:16:55
529|dev-1785748573876|dev|材料管理怎么只有材料分类|10|normal|未分配|2026-08-03 17:16:14|2026-08-04 10:51:34
530|dev-1785751398554|dev|全单材料汇总|10|normal|未分配|2026-08-03 18:03:19|2026-08-04 10:51:29
533|dev-1785813687844|dev|产品管理|4|normal|未分配|2026-08-04 11:21:28|2026-08-04 12:17:11
534|dev-1785814126562|dev| http://127.0.0.1:3000/api/sales/customers/search?keyword=jst|10|normal|未分配|2026-08-04 11:28:47|2026-08-04 18:19:17
535|dev-1785814765054|dev|bom修改|10|normal|未分配|2026-08-04 11:39:25|2026-08-04 19:29:54
536|dev-1785815144552|dev|产品新增确认 http://127.0.0.1:3000/api/product|10|normal|未分配|2026-08-04 11:45:45|2026-08-04 18:19:08
537|dev-1785815231312|dev|权限不一致|10|normal|未分配|2026-08-04 11:47:11|2026-08-04 18:18:27
541|dev-1785816948447|dev|产品列表，配置bom和配置工艺指向旧路由|10|normal|未分配|2026-08-04 12:15:48|2026-08-04 18:18:33
542|dev-1785817066476|dev|任务看板任务新增支持截图复制|10|normal|未分配|2026-08-04 12:17:46|2026-08-04 18:18:46
543|dev-1785817066000|dev|迁移止血：旧表名SQL修复+补全engineering BomController|10|high|NULL|2026-08-04 12:37:50|2026-08-04 14:58:36
544|dev-1785817066001|dev|迁移收敛：删除重复Controller/Service统一|10|normal|NULL|2026-08-04 12:37:50|2026-08-04 14:58:31
545|dev-1785817066002|dev|迁移重命名：ProductBom/ProductRouting/ProductFilm→Engineering*|10|normal|NULL|2026-08-04 12:37:50|2026-08-04 14:58:27
546|dev-1785817066003|dev|BOM列表导出功能缺失（/engineering/bom/export 404）|10|normal|NULL|2026-08-04 13:04:38|2026-08-04 14:58:39
547|dev-1785817066004|dev|重复实体合并：engineering.Bom/Routing 与 product.EngineeringBom/EngineeringRouting 映射同一张表|10|normal|NULL|2026-08-04 13:08:13|2026-08-04 14:58:41
548|dev-1785817066005|dev|重启后功能回归：验证DEV-543/544/545迁移改动|10|high|NULL|2026-08-04 13:08:56|2026-08-04 14:58:43
549|dev-1785817066006|dev|重复实体合并：engineering/StandardProcess 与 product/ProductStandardProcess 映射同一张表|10|normal|NULL|2026-08-04 13:13:38|2026-08-04 14:58:44
552|dev-1785829069677|dev|分析报价单重新报价，现在的逻辑是什么|10|normal|未分配|2026-08-04 15:37:50|2026-08-04 15:58:43
555|dev-1785830523065|dev|报价单管理|10|normal|未分配|2026-08-04 16:02:03|2026-08-04 18:20:21
560|dev-1785831762000|dev|/engineering/film 路由404排查修复（薄膜管理菜单无法打开）|3|high|NULL|2026-08-04 16:56:41|2026-08-04 18:20:32
561|dev-1785833979993|dev|工艺路线保存失败|10|normal|未分配|2026-08-04 16:59:40|2026-08-04 18:17:01
562|dev-1785834053360|dev|任务看板截图能不能类似有个文本框对话那种给粘贴|10|normal|未分配|2026-08-04 17:00:53|2026-08-04 17:02:49
567|dev-1785832800001|dev|链路追踪A：补齐5模块@Log的bizId/bizType（~160处）|10|high|NULL|2026-08-04 17:21:07|2026-08-04 19:25:20
568|dev-1785832800002|dev|链路追踪B：主实体补traceId字段+创建生成+跨模块透传|10|high|NULL|2026-08-04 17:21:07|2026-08-04 19:25:20
569|dev-1785832800003|dev|链路追踪C：前端列表页统一加查看流水入口|10|normal|NULL|2026-08-04 17:21:07|2026-08-04 19:25:20
570|dev-1785832800004|dev|链路追踪D：关键状态流转补bizStatus|10|normal|NULL|2026-08-04 17:21:07|2026-08-04 19:25:20
571|dev-1785836938053|dev|生产中订单取消闭环：联动取消生产工单+事件+工单取消侧补漏|10|high|NULL|2026-08-04 17:48:58|2026-08-04 19:17:12
572|dev-1785837784140|dev|订单确认齐套检查：CONFIRMED时按BOM算料缺料预警|10|high|NULL|2026-08-04 18:03:04|2026-08-04 19:05:46
573|dev-1785837784141|dev|缺料预警联动：事件通知采购+衔接采购建议|10|normal|NULL|2026-08-04 18:03:04|2026-08-04 19:05:46
574|dev-1785837784142|dev|库存预警前端真实化：预警页mock数据接真实接口|10|normal|NULL|2026-08-04 18:03:04|2026-08-04 19:05:46
575|dev-1785837784143|dev|库存预警后端顺手修复：出库重复检查+安全库存取值错|10|normal|NULL|2026-08-04 18:03:04|2026-08-04 19:05:46
576|dev-1785837913153|dev|产品(成品)库存需求分析与方案选型：先库存后生产(MTS/MTO混合)|10|high|NULL|2026-08-04 18:05:13|2026-08-04 19:11:22
577|dev-1785838594352|dev|产品发布自动建物料档案联动(方案A落地)|10|high|NULL|2026-08-04 18:16:34|2026-08-04 19:11:22
578|dev-1785838594353|dev|订单确认成品库存检查+预留机制|10|high|NULL|2026-08-04 18:16:34|2026-08-04 19:25:20
579|dev-1785838594354|dev|生产工单完成自动生成成品入库单|10|high|NULL|2026-08-04 18:16:34|2026-08-04 19:25:20
580|dev-1785838594355|dev|销售发货出库扣成品库存+释放预留|10|high|NULL|2026-08-04 18:16:34|2026-08-04 19:25:20
581|dev-1785839403631|dev|工序跳要测试|3|normal|未分配|2026-08-04 18:30:04|2026-08-04 18:30:19
582|dev-1785840254799|dev|agent 提示词|3|normal|未分配|2026-08-04 18:44:15|2026-08-04 18:44:14
583|dev-1785840720000|dev|订单确认缺料前端弹窗提示（待拍板）|10|normal|NULL|2026-08-04 18:52:35|2026-08-04 19:25:20
586|dev-1785895655771942625|dev|采购询价模块接线修复：表名映射+Controller+页面+菜单+视图+转采购单衔接|3|normal|NULL|2026-08-05 10:07:35|2026-08-05 10:45:38
588|dev-1785896157763813705|dev|销售询价转报价自动带明细|10|high|NULL|2026-08-05 10:15:57|2026-08-05 17:04:07
589|dev-1785896157793229369|dev|销售询价/报价状态机真实化+过期处理|10|normal|NULL|2026-08-05 10:15:57|2026-08-07 16:26:11
590|dev-1785896157810209020|dev|询价到报价单跳转定位+产品选择优化|10|normal|NULL|2026-08-05 10:15:57|2026-08-05 17:04:04
591|dev-1785896157826955184|dev|销售询价/报价导出实现（POI）|10|normal|NULL|2026-08-05 10:15:57|2026-08-07 16:26:49
592|dev-1785896157844537856|dev|询价/报价事件联动通知|10|normal|NULL|2026-08-05 10:15:57|2026-08-05 17:01:04
593|dev-1785897505821904941|dev|报价单模板/快速报价占位符处理|10|normal|NULL|2026-08-05 10:38:25|2026-08-05 17:04:15
594|dev-1785897505821904942|dev|报价单体验小修：转样品回写+审核中禁删+统计面板|10|normal|NULL|2026-08-05 10:38:25|2026-08-05 17:04:11
595|dev-1785897938571249654|dev|报价单PDF导出实现（后续做）|10|normal|NULL|2026-08-05 10:45:38|2026-08-07 16:26:23
601|dev-1785901429927|dev|【TC-6】直接新增报价单 测试失败|10|normal|NULL|2026-08-05 11:43:49|2026-08-05 17:04:18
602|dev-1785902042243|dev|报价单修改|4|normal|未分配|2026-08-05 11:54:02|2026-08-05 17:05:03
605|dev-1785903564669598070|dev|报价转订单传递币种/汇率|10|normal|NULL|2026-08-05 12:19:24|2026-08-05 17:08:23
617|dev-17859071613074238661|dev|工单生成丢失BOM ID（bom_id=NULL）|10|normal|NULL|2026-08-05 13:19:21|2026-08-08 10:56:58
618|dev-17859071613117926662|dev|订单审核员 office0 缺 sales:order:review 权限|10|normal|NULL|2026-08-05 13:19:21|2026-08-05 16:53:58
619|dev-17859071613151155853|dev|BOM 版本复制接口缺失（TC-124）|10|normal|NULL|2026-08-05 13:19:21|2026-08-07 16:26:03
624|dev-1785913610503585483|dev|采购收货自动联动入库|10|high|NULL|2026-08-05 15:06:50|2026-08-10 17:27:26
625|dev-1785913610503585484|dev|生产领料自动出库|10|normal|NULL|2026-08-05 15:06:50|2026-08-08 10:56:11
626|dev-1785913610503585485|dev|订单取消释放成品预留|10|high|NULL|2026-08-05 15:06:50|2026-08-12 15:03:31
627|dev-1785913610503585486|dev|库存预警定时调度|10|normal|NULL|2026-08-05 15:06:50|2026-08-10 17:27:42
631|dev-17859205594649635699651|dev|询价发送/确认/拒绝操作写流水记录|10|low|NULL|2026-08-05 17:02:39|2026-08-08 10:56:53
634|dev-1785922717218|dev| Maven 走代理下载失败|3|normal|未分配|2026-08-05 17:38:37|2026-08-05 18:05:20
637|dev-1785923228797|dev|发送报价|10|normal|未分配|2026-08-05 17:47:09|2026-08-06 11:48:38
638|dev-1785925267810636788|dev|订单确认+生产工单通知联动|10|high|NULL|2026-08-05 18:21:07|2026-08-08 10:56:46
639|dev-1785925323644327144|dev|缺料预警通知采购落地|10|high|NULL|2026-08-05 18:22:03|2026-08-07 16:26:43
640|dev-1785925323644327145|dev|订单确认缺料提示|10|normal|NULL|2026-08-05 18:22:03|2026-08-12 15:03:31
641|dev-178592546540561695|dev|事件配置补全+统一|10|high|NULL|2026-08-05 18:24:25|2026-08-10 17:26:45
651|dev-17859814562220599651|dev|出入库确认逻辑统一（confirm=审批+完成 单路径）|10|high|NULL|2026-08-06 09:57:36|2026-08-10 17:27:45
652|dev-17859814562220599652|dev|PICK 领料单审批流程人工入口确认|10|normal|NULL|2026-08-06 09:57:36|2026-08-10 17:27:43
656|dev-17859836255698178661|dev|修复 sales_order_review 表与实体不匹配（客户确认接口500）|10|high|NULL|2026-08-06 10:33:45|2026-08-08 10:57:55
657|dev-17859836255698178662|dev|修复 EngineeringRoutingItem 主键不匹配（计划转工单500）|10|high|NULL|2026-08-06 10:33:45|2026-08-08 10:57:58
658|dev-178598579446050639|dev|出入库锁单并发防护（方案A：数据库行锁 FOR UPDATE）|10|high|NULL|2026-08-06 11:09:54|2026-08-10 17:27:46
659|dev-1785985879920686163|dev|领料单/出库单业务视图分离（先分视图，后按需拆表）|10|normal|NULL|2026-08-06 11:11:19|2026-08-12 15:03:31
660|dev-1785986448597592562|dev|领料单打印区分（标题按类型 + 独立打印入口）|10|normal|NULL|2026-08-06 11:20:48|2026-08-12 15:03:31
661|dev-1785987912525837431|dev|出库单/入库单详情展示库存流水（inventory_transaction 视图）|10|normal|NULL|2026-08-06 11:45:12|2026-08-12 15:03:31
662|dev-1785988031785|dev|所有打印pdf都没有预览效果|3|normal|未分配|2026-08-06 11:47:12|2026-08-07 09:59:58
663|dev-1785988291974|dev|搜索一套满足erp的icon|3|normal|未分配|2026-08-06 11:51:32|2026-08-08 10:21:23
664|dev-1785990387176677029|dev|采购计划工作台（计划单=采购单前置状态，不新增表）|10|high|NULL|2026-08-06 12:26:27|2026-08-12 15:03:31
666|dev-1785999157647963006|dev|修复入库确认流水 before/after 缺失（651 遗留）|10|high|NULL|2026-08-06 14:52:37|2026-08-12 15:03:31
669|dev-1786005375603.000|dev|客户/供应商导入表头容错+错误定位优化（ExcelUtils）|10|high|NULL|2026-08-06 16:36:15|2026-08-07 16:27:31
670|dev-1786007225209|dev|客户管理|10|normal|未分配|2026-08-06 17:07:05|2026-08-08 10:58:15
671|dev-1786008025641|dev|请求超时|10|normal|未分配|2026-08-06 17:20:26|2026-08-08 10:58:08
672|dev-1786008160941.000|dev|导入导出请求超时调大+进度提示（671 实施）|10|normal|NULL|2026-08-06 17:22:40|2026-08-12 15:03:31
673|dev-1786009235711.000|dev|库存导入模板修复+全模块模板统一后端生成|10|high|NULL|2026-08-06 17:40:35|2026-08-07 16:27:35
674|dev-1786009370733.000|dev|修复入库管理菜单无component打不开+全面排查C菜单|10|high|NULL|2026-08-06 17:42:50|2026-08-07 16:27:42
675|dev-1786009665639.000|dev|修复导入模板表头双星号（(*)(*)）|10|low|NULL|2026-08-06 17:47:45|2026-08-12 15:03:31
676|dev-1786013385857.000.000|dev|统一前后端 status 约定（前端0=启用 / 后端1=正常 相反）|10|medium|admin|2026-08-06 18:49:45|2026-08-07 16:25:18
677|dev-1786015084596.000.000|dev|库存多仓库维度打通：汇总表加 warehouse_id + FIFO/预留按仓库过滤|4|high|admin|2026-08-06 19:18:04|2026-08-06 19:40:02
679|dev-1786015306444.000.000|dev|生产完工入库 createFromProduction 未设 warehouse_id（NOT NULL 会报错）|10|high|admin|2026-08-06 19:21:46|2026-08-12 15:03:31
680|dev-1786023971575.000.000|dev|调拨 OUT_CONFIRM 状态可取消+回补源仓库存（库存管理闭环风险修复）|10|high|admin|2026-08-06 21:46:11|2026-08-12 15:03:31
681|dev-1786070000001|dev|生产订单页批量审批/开始/完成/取消 全是模拟实现（只弹成功提示，未调后端 batchUpdateOrderStatus）|10|high|未分配|2026-08-07 08:13:59|2026-08-12 15:03:31
682|dev-1786070000002|dev|生产订单单行"转为工单"是模拟实现（未调 convertPlanToWorkOrders）|10|high|未分配|2026-08-07 08:13:59|2026-08-08 10:46:41
683|dev-1786070000003|dev|生产订单导出是占位（"导出功能开发中"）|10|medium|未分配|2026-08-07 08:13:59|2026-08-07 16:28:06
684|dev-1786070000004|dev|质检主页 quality/index.vue 整页静态假数据（无任何 API 调用）|10|high|未分配|2026-08-07 08:13:59|2026-08-08 10:58:35
685|dev-1786070000005|dev|操作记录页 production-operation/index.vue 全模拟（列表假数据+开始/完成/删除假调用）|10|high|未分配|2026-08-07 08:13:59|2026-08-08 10:46:45
686|dev-1786070000006|dev|设备管理 equipment/index.vue 无任何 API 调用（一堆 TODO 跳转占位）|10|medium|未分配|2026-08-07 08:13:59|2026-08-08 10:26:14
687|dev-1786070000007|dev|标准工序页 standard-process-step/index.vue 用 setTimeout+mockData 假数据|10|medium|未分配|2026-08-07 08:13:59|2026-08-08 10:58:30
688|dev-1786070000008|dev|工艺路线页 production/routing/index.vue 纯静态 mockData（无 API 文件）|10|medium|未分配|2026-08-07 08:13:59|2026-08-08 10:58:27
689|dev-1786070000009|dev|生产模块模拟实现全量排查收尾：确认在用页面清单+废弃页面清理|10|low|未分配|2026-08-07 08:13:59|2026-08-12 15:03:31
690|dev-1786071000001|dev|生产订单单行操作全是模拟实现：取消/开始/完成走 useOrderOperations 假实现（setTimeout+成功提示），创建/更新/删除/批量删除同样是假的|10|high|未分配|2026-08-07 09:33:23|2026-08-12 15:03:31
691|dev-1786071000002|dev|批量操作验证缺后端 PLANNED(4)/PENDING_START(5) 状态流转分支（681 已补）|10|low|未分配|2026-08-07 09:33:23|2026-08-08 10:46:35
692|dev-1786072000001|dev|库存导入「摆放区域」落库位+库存列表显示库位列（库位方案阶段1）|10|high|未分配|2026-08-07 09:47:03|2026-08-12 15:03:31
693|dev-1786072000002|dev|出库/生产领料按库位拣货+FIFO 推荐（库位方案阶段2）|10|high|未分配|2026-08-07 09:47:03|2026-08-12 15:03:31
694|dev-1786072000003|dev|调拨/盘点真实化（库位方案阶段3）|10|medium|未分配|2026-08-07 09:47:03|2026-08-12 15:03:31
695|dev-1786073000001|dev|出库「新建」按钮跳转 /inventory/outbound/create 但该页面/路由/菜单不存在|10|medium|未分配|2026-08-07 09:55:36|2026-08-08 10:46:27
696|dev-1786074000001|dev|库存导入模式①：快速导入限制100行（防浏览器崩溃兜底）|10|high|未分配|2026-08-07 11:12:48|2026-08-07 16:27:59
697|dev-1786074000002|dev|库存导入模式③：批量校验导入（batch-check 接口+校验报告+纠错机制）|10|high|未分配|2026-08-07 11:12:48|2026-08-07 16:28:03
698|dev-1786074000003|dev|库存导入模式②：大文件预览导入（只读+前端分页，方案A）|3|medium|未分配|2026-08-07 11:13:26|2026-08-07 15:51:13
699|dev-1786074000004|dev|库存导入模式④：服务端直导（文件上传+预检报告+回执，方案C）|3|low|未分配|2026-08-07 11:13:26|2026-08-07 15:51:16
700|dev-1786075000001|dev|前端页面切换/组件卸载时未取消进行中的请求（Broken pipe 优化）|3|low|未分配|2026-08-07 11:27:55|2026-08-07 15:52:10
701|dev-1786073962467|dev|检查系统导入导出功能|10|normal|未分配|2026-08-07 11:39:22|2026-08-08 10:46:11
702|dev-1786076000001|dev|物料导入：文件内重复检测+失败明细下载（DEV-702）|10|high|未分配|2026-08-07 11:40:42|2026-08-08 10:46:49
704|dev-1786076024903|dev|报价单详情，文档有什么用|10|normal|未分配|2026-08-07 12:13:45|2026-08-07 16:25:17
705|dev-1786077000001|dev|文件管理分析：现有上传功能盘点+ERP查看体验方案（分析任务）|10|high|未分配|2026-08-07 12:16:03|2026-08-12 15:03:31
706|dev-1786076587265|dev|报价管理 提交审核|10|normal|未分配|2026-08-07 12:23:07|2026-08-07 16:25:13
707|dev-1786078000001|dev|任务看板/任务列表全量查询优化分析（分析任务）|10|high|未分配|2026-08-07 12:32:54|2026-08-08 10:58:25
710|dev-1786095000001|dev|打印备选方案D：HiPrint 可视化打印组件调研|1|low|NULL|2026-08-07 18:10:51|2026-08-08 10:43:08
711|dev-1786095000002|dev|打印备选方案F：vue-print-nb 轻量打印插件调研|1|low|NULL|2026-08-07 18:10:51|2026-08-08 10:43:06
712|dev-1786096000001|dev|打印模板可编辑化：配置式 JSON 模板（方案1）|1|medium|NULL|2026-08-07 18:19:53|2026-08-08 10:43:17
713|dev-1786096000002|dev|打印模板拖拽式设计器评估（方案2，可编辑升级备选）|1|low|NULL|2026-08-07 18:19:53|2026-08-08 10:43:44
716|dev-1786097000001|dev|调拨单 A4 打印页（A4Canvas 方案）|10|high|NULL|2026-08-07 19:16:37|2026-08-08 10:46:22
717|dev-1786097000002|dev|盘点单 A4 打印页（A4Canvas 方案）|10|high|NULL|2026-08-07 19:16:48|2026-08-08 10:22:16
718|dev-1786097000003|dev|统一迁移 5 类单据 PDF 到 A4Canvas（入库/出库/采购/生产/质检）|10|medium|NULL|2026-08-07 19:16:48|2026-08-12 15:03:31
719|dev-1786097000004|dev|样品单导出（A4Canvas 打印页）|10|medium|NULL|2026-08-07 19:16:48|2026-08-08 10:28:45
720|dev-1786097000005|dev|收款单/销售发票/采购计划 导出|1|low|NULL|2026-08-07 19:16:48|2026-08-08 10:26:34
721|dev-1786098000001|dev|公司信息配置扩展：Logo/税号/开户行/银行账号/法人/官网|1|high|NULL|2026-08-07 19:28:52|2026-08-08 10:29:11
722|dev-1786098000002|dev|单据编号规则配置化|1|medium|NULL|2026-08-07 19:28:52|2026-08-08 10:43:30
723|dev-1786098000003|dev|业务默认值配置：默认税率/币种/仓库|1|medium|NULL|2026-08-07 19:28:52|2026-08-08 10:43:27
724|dev-1786098000004|dev|安全配置：登录失败锁定/密码策略/会话超时|1|medium|NULL|2026-08-07 19:28:52|2026-08-08 10:43:20
725|dev-1786098000005|dev|系统参数配置：系统名称/登录页/通知开关|1|low|NULL|2026-08-07 19:28:52|2026-08-08 10:28:57
726|dev-1786111672711877109001|dev|导入校验P0：付款/发票/收货批量校验接口|10|high|NULL|2026-08-07 22:07:52|2026-08-08 10:46:16
727|dev-1786111672711877109002|dev|导入校验P1：生产订单/工序执行/操作记录返回结构化失败明细|10|medium|NULL|2026-08-07 22:07:52|2026-08-12 15:03:31
728|dev-1786111672711877109003|dev|导入校验P2：库位/供应商/客户导入校验确认补齐|10|medium|NULL|2026-08-07 22:07:52|2026-08-08 10:24:55
730|dev-1786156231467|dev|调拨单新建报错|10|normal|未分配|2026-08-08 10:30:31|2026-08-08 10:38:19
731|dev-1786156248402|dev|操作结果组件优化|3|normal|未分配|2026-08-08 10:30:48|2026-08-08 10:55:41
733|dev-1786158023111230320|dev|统一附件组件（P0）：sys_attachment 加列+业务上传点统一封装|10|high|未分配|2026-08-08 11:00:23|2026-08-12 15:03:31
734|dev-1786158023111230321|dev|产品文件库（P0）：产品档案页文件库Tab+上传下载删除按类别分组|10|high|未分配|2026-08-08 11:00:23|2026-08-12 15:03:31
735|dev-1786158023111230322|dev|TraceTimeline 链路显示附件（P1）|10|high|未分配|2026-08-08 11:00:23|2026-08-12 15:03:31
736|dev-1786158023111230323|dev|文件备份调度+容量预警+文件管理页（P1）|10|medium|未分配|2026-08-08 11:00:23|2026-08-12 15:03:31
737|dev-1786158023111230324|dev|工程文件迁移工具+预览支持+回收站（P2）|10|normal|未分配|2026-08-08 11:00:23|2026-08-12 15:03:31
738|dev-1786158424023|dev|测试|3|normal|未分配|2026-08-08 11:07:04|2026-08-08 11:07:04
740|dev-1786158838793|dev|提交审核|3|normal|未分配|2026-08-08 11:13:59|2026-08-08 11:13:58
741|dev-1786158859881|dev|审核公共组件|3|normal|未分配|2026-08-08 11:14:20|2026-08-08 11:14:19
744|dev-178616107110643824|dev|报价链路追踪Tab接入附件显示（735接入遗漏）|10|low|未分配|2026-08-08 11:51:11|2026-08-10 13:50:26
745|dev-1786161455570|dev|状态流转要做状态控制|3|normal|未分配|2026-08-08 11:57:36|2026-08-08 11:57:35
747|dev-1786163134551825979|dev|转量产产品标准化窗口+校验补洞（样品临时数据→正式产品）|10|high|未分配|2026-08-08 12:25:34|2026-08-12 15:03:31
750|dev-1786168889195908524|dev|询价/报价产品编码前置链路（编码生成器+转报价带码）|10|high|未分配|2026-08-08 14:01:29|2026-08-12 15:03:31
758|dev-178617158997875703|dev|资料转移补操作日志流水（@Log 缺失）|10|medium|未分配|2026-08-08 14:46:29|2026-08-12 15:03:31
760|dev-1786172876659236422|dev|标准工序导入功能（模板+校验+失败明细）|10|medium|未分配|2026-08-08 15:07:56|2026-08-12 15:03:31
763|dev-1786334640547.000|dev|【标记】BOM应用料/实际投料功能待验收，效果不满意需回退（commit 88eff5b）|3|medium|NULL|2026-08-10 12:04:00|2026-08-10 13:43:12
764|dev-1786334930001|dev|【P0】合并两套资料转移入口（transferMaterials 旧版 vs preview/confirm 新版）|10|high|NULL|2026-08-10 12:29:03|2026-08-10 17:26:04
765|dev-1786334930002|dev|【P0】抽取公共版本计算工具（computeNextVersion 三处拷贝）|10|high|NULL|2026-08-10 12:29:03|2026-08-10 13:22:03
766|dev-1786334930003|dev|【P1】统一打样聚合口径（保存计划 vs 资料转移）|10|medium|NULL|2026-08-10 12:29:03|2026-08-12 15:03:31
767|dev-1786334930004|dev|【P1】清理 BOM 明细双实体映射（ProductBomItem vs EngineeringBomItem 同表）|10|medium|NULL|2026-08-10 12:29:03|2026-08-10 13:10:40
768|dev-1786334930005|dev|【P2】版本差异查看（自动升版后新旧版本 diff）|10|normal|NULL|2026-08-10 12:29:03|2026-08-12 15:03:31
769|dev-1786334930006|dev|【P2】统一 version/routing_version 双字段语义|10|normal|NULL|2026-08-10 12:29:03|2026-08-10 17:25:59
770|dev-1786334930007|dev|【P2】菲林建档联动（资料转移后自动提示/引导建档菲林）|3|normal|NULL|2026-08-10 12:29:03|2026-08-10 13:43:49
771|dev-1786334930008|dev|【P2】产品发布与转量产的校验时序依赖梳理|10|normal|NULL|2026-08-10 12:29:03|2026-08-12 15:03:31
772|dev-1786338932060|dev|编码格式产品编码|10|normal|李四|2026-08-10 13:15:32|2026-08-10 13:44:52
777|dev-1786342182118|dev|打样工作工序计划为什么不支持下标工序|10|normal|未分配|2026-08-10 14:09:42|2026-08-10 14:33:57
781|dev-1786343472620|dev|报价转样品单产品信息|10|normal|未分配|2026-08-10 14:31:13|2026-08-12 15:03:31
782|dev-1786343802343|dev|库存管理物料导入|3|normal|未分配|2026-08-10 14:36:42|2026-08-10 17:45:58
786|dev-1786344612461|dev|产品管理bom工艺路线配置|4|normal|未分配|2026-08-10 14:50:12|2026-08-10 15:41:47
787|dev-20260810-005|dev|产品关联客户（customer_id）|10|normal|NULL|2026-08-10 15:21:35|2026-08-10 17:25:58
788|dev-20260810-006|dev|超级管理员通配权限修复（product:edit 等两级权限码失效）|10|high|NULL|2026-08-10 15:21:43|2026-08-12 15:03:31
789|dev-20260810-007|dev|产品编辑回显修复（售价/成本/起订量/交期+面板线路+2位简称编码）|10|normal|NULL|2026-08-10 15:21:43|2026-08-10 17:25:56
790|dev-20260810-008|dev|产品列表已有BOM/工艺路线无更换入口|10|normal|NULL|2026-08-10 15:29:48|2026-08-10 17:25:50
803|dev-1786349765269|dev|【TC-28】从样品转量产创建标准订单 测试失败|10|normal|NULL|2026-08-10 16:16:05|2026-08-12 15:03:31
804|dev-1786349955174|dev|【TC-37】取消订单 测试失败|10|normal|NULL|2026-08-10 16:19:15|2026-08-10 17:25:34
805|dev-20260810-009|dev|【P1】更换BOM/工艺路线限制只能选已批准版本|10|high|NULL|2026-08-10 16:23:31|2026-08-12 15:03:31
806|dev-20260810-010|dev|【P1】统一打样聚合口径（样品单总数量与明细不一致）|10|medium|NULL|2026-08-10 16:23:31|2026-08-12 15:03:31
807|dev-20260810-011|dev|【P3】转量产就绪检查接口偶发500排查|3|normal|NULL|2026-08-10 16:23:31|2026-08-10 17:46:04
809|dev-20260810-012|dev|复制订单功能（已取消等终态订单一键重新生成草稿单）|10|normal|NULL|2026-08-10 16:31:31|2026-08-10 17:25:31
813|dev-20260810-013|dev|【P2】采购计划留底（方案B）|4|normal|NULL|2026-08-10 17:01:49|2026-08-10 17:52:31
814|dev-20260810-014|dev|【P1】预警闭环——低库存落库+采购计划确认回写状态|10|high|NULL|2026-08-10 17:10:13|2026-08-12 15:03:31
815|dev-20260810-015|dev|【P2】低库存建议扣在途采购量|10|normal|NULL|2026-08-10 17:10:13|2026-08-12 15:03:31
816|dev-1786353835697|dev|销售订单复制|10|normal|admin|2026-08-10 17:23:56|2026-08-12 15:03:31
817|dev-20260810-016|dev|新增样品单业务增强（明细预览/交期/联系人电话/技术要求/引导）|10|normal|NULL|2026-08-10 17:31:34|2026-08-10 18:08:02
824|dev-20260810-017|dev|链路流水附件落操作日志detail（审核图片直观可见）|10|normal|NULL|2026-08-10 18:58:45|2026-08-12 15:03:31
830|dev-20260810-018|dev|预警页面展示增强——处理人/处理时间/关联采购订单列+去采购计划入口|10|normal|NULL|2026-08-10 19:16:15|2026-08-12 15:03:31
831|dev-20260810-019|dev|库存缺料预警升级：多订单需求汇总检查(方案A)|10|P1|NULL|2026-08-10 20:56:12|2026-08-12 15:03:31
832|dev-20260810-020|dev|销售订单分批交付支持|10|P2|NULL|2026-08-10 20:56:12|2026-08-12 15:03:31
833|dev-20260810-021|dev|【重大】销售发货出库不扣库存|10|P0|NULL|2026-08-10 20:56:12|2026-08-12 15:03:31
834|dev-20260810-022|dev|order.delivering 事件全项目无人触发|10|P0|NULL|2026-08-10 20:56:12|2026-08-12 15:03:31
835|dev-20260810-023|dev|采购在途量口径把草稿/已取消单算入|10|P0|NULL|2026-08-10 20:56:12|2026-08-12 15:03:31
836|dev-20260810-024|dev|【地基】两套订单状态枚举并存且值错位|10|P0|NULL|2026-08-10 20:56:12|2026-08-12 15:03:31
837|dev-20260810-025|dev|订单状态 SHIPPED 无触发入口|10|P0|NULL|2026-08-10 20:56:12|2026-08-12 15:03:31
838|dev-20260810-026|dev|【待验证】createFromSales 后前端是否补 confirm|10|P0|NULL|2026-08-10 20:56:12|2026-08-12 15:03:31
839|dev-20260810-027|dev|【待验证】低库存预警用 total 而非可用量|10|P2|NULL|2026-08-10 20:56:12|2026-08-12 15:03:31
840|dev-20260810-028|dev|【待验证】呆滞料SQL多批次物料重复/取错|10|P3|NULL|2026-08-10 20:56:12|2026-08-12 15:03:31
841|dev-20260810-029|dev|采购收货批次号两处不一致|10|P2|NULL|2026-08-10 20:58:49|2026-08-12 15:03:31
842|dev-20260810-030|dev|采购收货无超收校验|10|P0|NULL|2026-08-10 20:59:27|2026-08-12 15:03:31
843|dev-20260810-031|dev|工单完工不校验质检/工序完成度|10|P1|NULL|2026-08-10 21:01:01|2026-08-12 15:03:31
844|dev-20260810-032|dev|成本核算BOM标准成本算法错误|10|P2|NULL|2026-08-10 21:02:14|2026-08-12 15:03:31
845|dev-20260810-033|dev|工单与领料解耦：支持多次/分批领料|10|P1|NULL|2026-08-10 21:22:38|2026-08-12 15:03:31
846|dev-20260810-034|dev|BOM材料替换(替代料)功能落地|10|P1|NULL|2026-08-10 21:23:16|2026-08-12 15:03:31
847|dev-20260810-035|dev|订单确认全局缺料汇总检查|10|P1|NULL|2026-08-10 21:44:54|2026-08-12 15:03:31
848|dev-20260810-036|dev|订单确认原料占用与释放|10|P1|NULL|2026-08-10 21:44:54|2026-08-12 15:03:31
849|dev-20260810-037|dev|订单确认联动链完整性|10|P1|NULL|2026-08-10 21:44:54|2026-08-12 15:03:31
850|dev-20260810-038|dev|生产计划(PLAN)创建与维护|10|P2|NULL|2026-08-10 21:44:54|2026-08-12 15:03:31
851|dev-20260810-039|dev|计划转工单/大单拆小单|10|P1|NULL|2026-08-10 21:44:54|2026-08-12 15:03:31
852|dev-20260810-040|dev|销售订单转生产工单|10|P1|NULL|2026-08-10 21:44:54|2026-08-12 15:03:31
853|dev-20260810-041|dev|工单状态机完整流转|10|P2|NULL|2026-08-10 21:44:54|2026-08-12 15:03:31
854|dev-20260810-042|dev|工单提交/审批/驳回流程|10|P2|NULL|2026-08-10 21:44:54|2026-08-12 15:03:31
855|dev-20260810-043|dev|工单超期判定(OVERDUE)|10|P3|NULL|2026-08-10 21:44:54|2026-08-12 15:03:31
856|dev-20260810-044|dev|开工前置校验|10|P2|NULL|2026-08-10 21:44:54|2026-08-12 15:03:31
857|dev-20260810-045|dev|领料预检(可用量)|10|P1|NULL|2026-08-10 21:44:54|2026-08-12 15:03:31
858|dev-20260810-046|dev|多次/追加领料|10|P1|NULL|2026-08-10 21:44:54|2026-08-12 15:03:31
859|dev-20260810-047|dev|领料状态机|10|P1|NULL|2026-08-10 21:44:54|2026-08-12 15:03:31
860|dev-20260810-048|dev|材料替换(替代料)|10|P1|NULL|2026-08-10 21:44:54|2026-08-12 15:03:31
861|dev-20260810-049|dev|工序执行记录生成与激活|10|P2|NULL|2026-08-10 21:44:54|2026-08-12 15:03:31
862|dev-20260810-050|dev|工序报工|10|P2|NULL|2026-08-10 21:44:54|2026-08-12 15:03:31
863|dev-20260810-051|dev|首检/巡检|10|P2|NULL|2026-08-10 21:44:54|2026-08-12 15:03:31
864|dev-20260810-052|dev|工单完成数量汇总|10|P2|NULL|2026-08-10 21:44:54|2026-08-12 15:03:31
865|dev-20260810-053|dev|完工校验(质检门)|10|P1|NULL|2026-08-10 21:44:54|2026-08-12 15:03:31
866|dev-20260810-054|dev|自动创建FQC质检单|10|P2|NULL|2026-08-10 21:44:54|2026-08-12 15:03:31
867|dev-20260810-055|dev|完工自动成品入库|10|P1|NULL|2026-08-10 21:44:54|2026-08-12 15:03:31
868|dev-20260810-056|dev|入库失败不静默|10|P1|NULL|2026-08-10 21:44:54|2026-08-12 15:03:31
869|dev-20260810-057|dev|订单生产进度回写|10|P1|NULL|2026-08-10 21:44:54|2026-08-12 15:03:31
870|dev-20260810-058|dev|工单材料成本核算|10|P2|NULL|2026-08-10 21:44:54|2026-08-12 15:03:31
871|dev-20260810-059|dev|工单人工成本核算|10|P2|NULL|2026-08-10 21:44:54|2026-08-12 15:03:31
872|dev-20260810-060|dev|BOM标准成本计算|10|P2|NULL|2026-08-10 21:44:54|2026-08-12 15:03:31
873|dev-20260810-061|dev|成本差异分析|10|P2|NULL|2026-08-10 21:44:54|2026-08-12 15:03:31
874|dev-20260810-062|dev|库存主数据管理|10|P2|NULL|2026-08-10 21:44:54|2026-08-12 15:03:31
875|dev-20260810-063|dev|三级库存结构|10|P2|NULL|2026-08-10 21:44:54|2026-08-12 15:03:31
876|dev-20260810-064|dev|可用量口径统一|10|P2|NULL|2026-08-10 21:44:54|2026-08-12 15:03:31
877|dev-20260810-065|dev|FIFO批次出库规则|10|P2|NULL|2026-08-10 21:44:54|2026-08-12 15:03:31
878|dev-20260810-066|dev|批次号统一规则|10|P2|NULL|2026-08-10 21:44:54|2026-08-12 15:03:31
879|dev-20260810-067|dev|采购入库流程|10|P2|NULL|2026-08-10 21:44:54|2026-08-12 15:03:31
880|dev-20260810-068|dev|生产入库流程|10|P1|NULL|2026-08-10 21:44:54|2026-08-12 15:03:31
881|dev-20260810-069|dev|调拨入库(confirmIn)|10|P3|NULL|2026-08-10 21:44:54|2026-08-12 15:03:31
882|dev-20260810-070|dev|盘盈入库(adjust)|10|P3|NULL|2026-08-10 21:44:54|2026-08-12 15:03:31
883|dev-20260810-071|dev|退货入库(return)|10|P3|NULL|2026-08-10 21:44:54|2026-08-12 15:03:31
884|dev-20260810-072|dev|生产领料出库|10|P2|NULL|2026-08-10 21:44:54|2026-08-12 15:03:31
885|dev-20260810-073|dev|销售出库(分批+必扣库存)|10|P0|NULL|2026-08-10 21:44:54|2026-08-12 15:03:31
886|dev-20260810-074|dev|调拨出库(confirmOut)|10|P3|NULL|2026-08-10 21:44:54|2026-08-12 15:03:31
887|dev-20260810-075|dev|盘亏出库(adjust)|10|P3|NULL|2026-08-10 21:44:54|2026-08-12 15:03:31
888|dev-20260810-076|dev|入库单状态机|10|P2|NULL|2026-08-10 21:44:54|2026-08-12 15:03:31
889|dev-20260810-077|dev|出库单状态机|10|P2|NULL|2026-08-10 21:44:54|2026-08-12 15:03:31
890|dev-20260810-078|dev|调拨单双向确认|10|P3|NULL|2026-08-10 21:44:54|2026-08-12 15:03:31
891|dev-20260810-079|dev|盘点流程|10|P2|NULL|2026-08-10 21:44:54|2026-08-12 15:03:31
892|dev-20260810-080|dev|安全/最高库存预警|10|P2|NULL|2026-08-10 21:44:54|2026-08-12 15:03:31
893|dev-20260810-081|dev|临期/呆滞预警|10|P2|NULL|2026-08-10 21:44:54|2026-08-12 15:03:31
894|dev-20260810-082|dev|全局汇总缺料检查(订单缺料预警主逻辑)|10|P1|NULL|2026-08-10 21:44:54|2026-08-12 15:03:31
895|dev-20260810-083|dev|需求汇总缺料预警【已并入082】|1|high|NULL|2026-08-10 21:44:54|2026-08-11 01:31:58
896|dev-20260810-084|dev|供应商管理|10|P2|NULL|2026-08-10 21:44:54|2026-08-12 15:03:31
897|dev-20260810-085|dev|采购订单全流程|10|P2|NULL|2026-08-10 21:44:54|2026-08-12 15:03:31
898|dev-20260810-086|dev|到货登记与收货|10|P2|NULL|2026-08-10 21:44:54|2026-08-12 15:03:31
899|dev-20260810-087|dev|收货超收校验|10|P0|NULL|2026-08-10 21:44:54|2026-08-12 15:03:31
900|dev-20260810-088|dev|检验PASS才入良品库存|10|P2|NULL|2026-08-10 21:44:54|2026-08-12 15:03:31
901|dev-20260810-089|dev|采购在途口径|10|P0|NULL|2026-08-10 21:44:54|2026-08-12 15:03:31
902|dev-20260810-090|dev|采购发票登记|10|P3|NULL|2026-08-10 21:44:54|2026-08-12 15:03:31
903|dev-20260810-091|dev|采购付款登记|10|P3|NULL|2026-08-10 21:44:54|2026-08-12 15:03:31
904|dev-20260810-092|dev|缺料预警→一键转采购单|10|P2|NULL|2026-08-10 21:44:54|2026-08-12 15:03:31
905|dev-20260810-093|dev|再订货点采购建议|10|P2|NULL|2026-08-10 21:44:54|2026-08-12 15:03:31
906|dev-20260810-094|dev|订单材料预占机制(手动预占+有效期+提醒+延迟+超时释放)|10|P1|NULL|2026-08-10 22:17:12|2026-08-12 15:03:31
907|dev-20260810-095|dev|取消工单联动清理(含部分完成场景)|10|P1|NULL|2026-08-10 22:34:59|2026-08-12 15:03:31
908|dev-20260810-096|dev|新建产品库存表(产品入库，产品维度独立记账)|10|P0|NULL|2026-08-11 00:01:55|2026-08-12 15:03:31
909|dev-20260810-097|dev|产品维度改造：产品相关业务全部切产品库存表|10|P0|NULL|2026-08-11 00:04:00|2026-08-12 15:03:31
910|dev-20260810-098|dev|领料单打印(含替代料备注/补料标识/签字区)|10|P3|NULL|2026-08-11 00:15:35|2026-08-12 15:03:31
911|dev-20260810-099|dev|物料成本单价维护(人定+来源留存+采购价提醒)|10|P3|NULL|2026-08-11 00:26:09|2026-08-12 15:03:31
931|dev-20260811-001|dev|【P0】采购联动入库500：purchase_order_item 表缺 update_time 列|10|urgent|NULL|2026-08-11 09:37:45|2026-08-12 15:03:31
932|dev-20260811-002|dev|【P0】销售发货出库500：createFromSales 未设 warehouse_id|10|urgent|admin|2026-08-11 09:37:45|2026-08-12 15:03:31
933|dev-20260811-003|dev|【P1】发票登记500：SalesInvoice 实体含 currency 但表无此列|10|high|admin|2026-08-11 09:37:45|2026-08-12 15:03:31
934|dev-20260811-004|dev|【P1】收款登记500：sales_receipt.actual_amount 无默认值|10|high|admin|2026-08-11 09:37:45|2026-08-12 15:03:31
935|dev-20260811-005|dev|【待确认】订单 send-to-customer 后状态直接变已确认(6)，confirm 报"当前状态：已确认"|10|normal|NULL|2026-08-11 09:37:45|2026-08-12 15:03:31
936|dev-20260811-006|dev|【待确认】createFromProduction 在工单完工前调用会记数量0|10|normal|NULL|2026-08-11 09:37:45|2026-08-12 15:03:31
937|dev-20260811-007|dev|【待确认】询价转报价生成的报价单金额为0，提交审核被拦|10|normal|NULL|2026-08-11 09:37:45|2026-08-12 15:03:31
973|dev-20260811-008|dev|【打样工作台组件化】拆分8组件+composable，图纸上传挪样品信息卡，批量操作加全选|10|normal|admin|2026-08-11 22:57:01|2026-08-12 15:03:31
974|dev-20260811-009|dev|【印刷大类】打样工作台一级 Tabs + 印刷工序表格录入|10|normal|admin|2026-08-11 23:42:22|2026-08-12 15:03:31
977|dev-20260812-001|dev|【扫码A-1】随工单打印页二维码生成|10|high|admin|2026-08-12 11:53:23|2026-08-12 15:03:31
978|dev-20260812-002|dev|【扫码A-2】全局扫码枪识别 composable|10|high|admin|2026-08-12 11:53:23|2026-08-12 15:03:31
979|dev-20260812-003|dev|【扫码A-3】扫码定位联动工单执行|10|high|admin|2026-08-12 11:53:23|2026-08-12 15:03:31
980|dev-20260812-004|dev|【扫码C】设备二维码+设备码防错校验|3|normal|admin|2026-08-12 11:53:23|2026-08-12 14:54:17
981|dev-20260812-005|dev|【扫码B】移动端H5扫码操作页|3|normal|admin|2026-08-12 11:53:23|2026-08-12 14:54:25
982|dev-20260812-006|dev|【扫码D】派工授权码轻鉴权|3|normal|admin|2026-08-12 11:53:23|2026-08-12 14:54:20
988|dev-1786521781248|dev|打样工序|2|normal|未分配|2026-08-12 16:03:01|2026-08-12 17:12:30
995|dev-20260812-007|dev|【预警闭环1】已读不再终结|2|high|admin|2026-08-12 20:06:09|2026-08-13 00:37:20
996|dev-20260812-008|dev|【预警闭环2】预警页一键转采购|2|high|admin|2026-08-12 20:06:09|2026-08-13 00:48:51
997|dev-20260812-009|dev|【预警闭环3】采购计划确认回写预警|2|high|admin|2026-08-12 20:06:09|2026-08-13 00:53:29
998|dev-20260812-010|dev|【预警闭环4】去采购计划带参|2|normal|admin|2026-08-12 20:06:09|2026-08-13 01:35:35
999|dev-20260812-011|dev|【P0】已审核加客户确认按钮|3|urgent|admin|2026-08-12 20:14:13|2026-08-12 21:37:29
1000|dev-20260812-012|dev|【P0】生产中加发货按钮|2|urgent|admin|2026-08-12 20:14:13|2026-08-12 20:17:46
1001|dev-20260812-013|dev|【P1】审核中加回驳回按钮|2|high|admin|2026-08-12 20:14:13|2026-08-12 20:17:46
1002|dev-20260812-014|dev|【P1】发送确认状态标识|3|high|admin|2026-08-12 20:14:13|2026-08-12 21:37:29
1010|dev-20260812-015|dev|【待修改】sales_order.order_status 列注释过时（7态旧定义 vs 代码10态）|2|normal|admin|2026-08-12 21:14:09|2026-08-13 03:10:14
1011|dev-20260813-001|dev|【开发】工具类实用基础系统|3|normal|admin|2026-08-13 01:36:24|2026-08-13 01:36:24
1012|dev-20260813-002|dev|【Engineering Platform】设计决策记录 V0.7 定稿（G1-G7 全 PASS，待 Repository Bootstrap）|4|normal|admin|2026-08-13 21:04:49|2026-08-14 10:31:18
1013|dev-20260813-003|dev|【Engineering Platform】Roadmap V0.1 评审（决定实施方：大黄 or Codex）|4|high|admin|2026-08-13 21:53:40|2026-08-14 10:31:14
1014|dev-1786676442708|dev|用户管理导出功能待实现|0|normal|未分配|2026-08-14 11:00:43|2026-08-14 11:00:48
1015|inquiry.converted-1786677581001|office|询价单【INQ2608140001】已转为报价单|0|normal|NULL|2026-08-14 11:19:41|2026-08-14 11:19:41
1016|dev-1786677693062|dev|报价单操作栏不要有复制按钮|0|normal|张三|2026-08-14 11:21:33|2026-08-14 11:21:33
1017|quotation.submitted-1786681083542|office|报价单【1】已提交审核|0|normal|NULL|2026-08-14 12:18:04|2026-08-14 12:18:03
1018|dev-1786681431207|dev|sales_clerk 不应该看到审核相关按钮 -报价列表|2|normal|未分配|2026-08-14 12:23:51|2026-08-14 17:49:03
1019|sample.created-1786681599651|office|样品单【1】已创建，请安排打样|0|normal|NULL|2026-08-14 12:26:40|2026-08-14 12:26:39
1020|dev-1786694625681|dev|工程打样|0|normal|未分配|2026-08-14 16:03:46|2026-08-14 16:03:45
1021|sample.ready-1786694731787|office|样品【1】已制作完成|0|normal|NULL|2026-08-14 16:05:32|2026-08-14 16:05:31
1022|dev-1786696154236|dev|打样工程|0|normal|张三|2026-08-14 16:29:14|2026-08-14 16:29:14
1023|dev-1786696755061|dev|样品转销售单后怎么没留水了|0|normal|未分配|2026-08-14 16:39:15|2026-08-14 16:39:15
1024|bom.submitted-1786696833202|office|BOM【{bizId}】已提交审核|0|normal|NULL|2026-08-14 16:40:33|2026-08-14 16:40:33
1025|dev-1786696938884|dev|复制不要再操作栏内|2|normal|未分配|2026-08-14 16:42:19|2026-08-14 18:18:09
1026|product.routing.submitted-1786697015097|office|工艺路线【1】已提交审核|0|normal|NULL|2026-08-14 16:43:35|2026-08-14 16:43:35
1027|dev-1786697275341|dev|工程管理工艺路线列表，工序类别不能正确显示|2|normal|未分配|2026-08-14 16:47:55|2026-08-14 17:17:18
